file      ,AGGREGATE_BLOCKING_SINK:AggComputeTime ,AGGREGATE_BLOCKING_SINK:AggFuncComputeTime ,AGGREGATE_BLOCKING_SINK:GetResultsTime ,AGGREGATE_BLOCKING_SINK:ResultGroupByAppendTime ,AGGREGATE_DISTINCT_BLOCKING_SINK:AggComputeTime ,AGGREGATE_DISTINCT_BLOCKING_SINK:GetResultsTime ,AGGREGATE_DISTINCT_BLOCKING_SINK:ResultGroupByAppendTime ,AGGREGATE_DISTINCT_STREAMING_SINK:AggComputeTime ,AGGREGATE_DISTINCT_STREAMING_SINK:GetResultsTime ,AGGREGATE_STREAMING_SINK:AggComputeTime ,AGGREGATE_STREAMING_SINK:AggFuncComputeTime ,AGGREGATE_STREAMING_SINK:GetResultsTime ,EXCHANGE_SINK:NetworkTime ,EXCHANGE_SINK:OverallTime ,EXCHANGE_SINK:SerializeChunkTime ,EXCHANGE_SINK:ShuffleChunkAppendTime ,EXCHANGE_SINK:ShuffleHashTime ,EXCHANGE_SINK:WaitTime ,HASH_JOIN_BUILD:BuildHashTableTime ,HASH_JOIN_BUILD:CopyRightTableChunkTime ,HASH_JOIN_BUILD:RuntimeFilterBuildTime ,HASH_JOIN_PROBE:OutputBuildColumnTime ,HASH_JOIN_PROBE:OutputProbeColumnTime ,HASH_JOIN_PROBE:SearchHashTableTime ,LOCAL_PARALLEL_MERGE_SOURCE:OverallStageTime ,LOCAL_SORT_SINK:BuildingTime ,LOCAL_SORT_SINK:OutputTime ,LOCAL_SORT_SINK:SortingTime ,OLAP_SCAN:IOTaskExecTime ,OLAP_SCAN:IOTaskWaitTime ,OLAP_SCAN:PrepareChunkSourceTime ,OLAP_SCAN:ScanTime ,OLAP_SCAN:SubmitTaskTime ,PROJECT:CommonSubExprComputeTime ,PROJECT:ExprComputeTime ,RESULT_SINK:AppendChunkTime
10020.sql ,                                       ,                                           ,                                       ,                                                ,                                                ,                                                ,                                                         ,                                                 ,                                                 ,                                404.698 ,                                            ,                                        ,                          ,                 2372.000 ,                                 ,                                     ,                              ,              1992.000 ,                                   ,                                        ,                                       ,                              803.321 ,                                      ,                            627.481 ,                                             ,                             ,                           ,                            ,                         ,                         ,                                 ,                   ,                         ,                                 ,                        ,
10229.sql ,                               510.306 ,                                   324.696 ,                                       ,                                                ,                                                ,                                                ,                                                         ,                                                 ,                                                 ,                                        ,                                            ,                                        ,                          ,                 1023.000 ,                                 ,                                     ,                              ,               622.208 ,                                   ,                                        ,                                       ,                                      ,                                      ,                            379.624 ,                                             ,                             ,                           ,                            ,                         ,                         ,                                 ,                   ,                         ,                                 ,                        ,
10247.sql ,                                       ,                                           ,                                       ,                                                ,                                                ,                                                ,                                                         ,                                                 ,                                                 ,                               1184.000 ,                                            ,                                        ,                          ,                          ,                                 ,                                     ,                              ,                       ,                                   ,                                        ,                                       ,                             1506.000 ,                                      ,                           5754.000 ,                                             ,                             ,                           ,                            ,                         ,                         ,                                 ,                   ,                         ,                                 ,                256.407 ,
10455.sql ,                               246.014 ,                                   134.908 ,                                       ,                                                ,                                                ,                                                ,                                                         ,                                                 ,                                                 ,                               3850.000 ,                                   2428.000 ,                                        ,                          ,                          ,                                 ,                                     ,                              ,                       ,                                   ,                                        ,                                       ,                             1140.000 ,                                      ,                            594.742 ,                                             ,                             ,                           ,                            ,                         ,                         ,                                 ,                   ,                         ,                                 ,                        ,
10530.sql ,                                       ,                                           ,                                       ,                                                ,                                                ,                                                ,                                                         ,                                                 ,                                                 ,                                        ,                                            ,                                        ,                          ,                 1186.000 ,                                 ,                                     ,                              ,               589.704 ,                                   ,                                        ,                                       ,                              347.535 ,                                      ,                            752.586 ,                                             ,                             ,                           ,                            ,                         ,                         ,                                 ,                   ,                         ,                                 ,                        ,
10555.sql ,                                       ,                                           ,                                       ,                                                ,                                                ,                                                ,                                                         ,                                                 ,                                                 ,                                245.118 ,                                    118.551 ,                                        ,                          ,                          ,                                 ,                                     ,                              ,                       ,                                   ,                                        ,                                       ,                                      ,                                      ,                                    ,                                             ,                             ,                           ,                            ,                  70.839 ,                         ,                                 ,           100.057 ,                  70.910 ,                         141.433 ,                132.333 ,
10578.sql ,                                       ,                                           ,                                       ,                                                ,                                                ,                                                ,                                                         ,                                                 ,                                                 ,                                        ,                                            ,                                        ,                  167.915 ,                   90.785 ,                                 ,                                     ,                              ,                       ,                            11.214 ,                                 14.133 ,                                12.367 ,                               45.642 ,                               54.134 ,                            101.291 ,                                             ,                             ,                           ,                            ,                         ,                         ,                                 ,                   ,                         ,                                 ,                        ,
10711.sql ,                                28.531 ,                                           ,                                 8.679 ,                                          5.807 ,                                                ,                                                ,                                                         ,                                                 ,                                                 ,                                        ,                                            ,                                        ,                          ,                   39.837 ,                                 ,                               8.437 ,                              ,                18.914 ,                                   ,                                        ,                                       ,                                      ,                                3.543 ,                             10.790 ,                                             ,                             ,                           ,                            ,                         ,                         ,                                 ,                   ,                         ,                                 ,                        ,
10748.sql ,                                       ,                                           ,                                       ,                                                ,                                                ,                                                ,                                                         ,                                                 ,                                                 ,                                        ,                                            ,                                        ,                    8.315 ,                   31.746 ,                                 ,                                     ,                              ,                       ,                             1.359 ,                                  2.866 ,                                 0.713 ,                                1.586 ,                                      ,                              4.256 ,                                             ,                             ,                           ,                            ,                         ,                         ,                                 ,                   ,                         ,                                 ,                        ,
10911.sql ,                                       ,                                           ,                                       ,                                                ,                                                ,                                                ,                                                         ,                                                 ,                                                 ,                                        ,                                            ,                                        ,                          ,                  295.899 ,                                 ,                                     ,                              ,               163.797 ,                            17.629 ,                                 27.097 ,                                12.242 ,                              100.069 ,                                      ,                             81.773 ,                                             ,                             ,                           ,                            ,                         ,                         ,                                 ,                   ,                         ,                                 ,                        ,
11081.sql ,                              8638.000 ,                                           ,                                       ,                                                ,                                                ,                                                ,                                                         ,                                                 ,                                                 ,                                        ,                                            ,                                        ,                          ,                 9175.000 ,                                 ,                                     ,                              ,              5837.000 ,                                   ,                                        ,                                       ,                              822.679 ,                                      ,                            466.865 ,                                             ,                             ,                           ,                            ,                         ,                         ,                                 ,                   ,                         ,                                 ,                        ,
11442.sql ,                                       ,                                           ,                                       ,                                                ,                                                ,                                                ,                                                         ,                                                 ,                                                 ,                                 77.464 ,                                            ,                                        ,                          ,                          ,                                 ,                                     ,                              ,                       ,                                   ,                                        ,                                       ,                               90.384 ,                                      ,                            217.520 ,                                             ,                             ,                           ,                            ,                         ,                         ,                                 ,                   ,                         ,                                 ,                        ,
11810.sql ,                                       ,                                           ,                                       ,                                                ,                                                ,                                                ,                                                         ,                                                 ,                                                 ,                                 23.114 ,                                      4.532 ,                                        ,                          ,                          ,                                 ,                                     ,                              ,                       ,                                   ,                                        ,                                       ,                                      ,                                      ,                                    ,                                             ,                             ,                           ,                            ,                  20.861 ,                  17.312 ,                                 ,            38.174 ,                         ,                                 ,                  7.001 ,
11829.sql ,                                       ,                                           ,                                       ,                                                ,                                                ,                                                ,                                                         ,                                                 ,                                                 ,                                        ,                                            ,                                        ,                          ,                  188.484 ,                                 ,                                     ,                              ,                89.898 ,                            33.813 ,                                 17.714 ,                                30.803 ,                                      ,                                      ,                             62.667 ,                                             ,                             ,                           ,                            ,                         ,                         ,                                 ,                   ,                         ,                                 ,                        ,
12187.sql ,                                       ,                                           ,                                       ,                                                ,                                                ,                                                ,                                                         ,                                                 ,                                                 ,                                        ,                                            ,                                        ,                          ,                          ,                                 ,                                     ,                              ,                       ,                                   ,                                        ,                                       ,                               98.012 ,                                      ,                            281.678 ,                                             ,                             ,                           ,                            ,                         ,                         ,                                 ,                   ,                         ,                                 ,                        ,
12560.sql ,                               323.347 ,                                           ,                               113.223 ,                                         52.651 ,                                                ,                                                ,                                                         ,                                                 ,                                                 ,                                        ,                                            ,                                        ,                          ,                          ,                                 ,                                     ,                              ,                       ,                                   ,                                        ,                                       ,                               14.922 ,                                      ,                             14.597 ,                                             ,                             ,                           ,                            ,                         ,                         ,                                 ,                   ,                         ,                                 ,                        ,
12737.sql ,                                       ,                                           ,                                       ,                                                ,                                                ,                                                ,                                                         ,                                                 ,                                                 ,                                        ,                                            ,                                        ,                    8.299 ,                   15.354 ,                                 ,                               4.197 ,                              ,                       ,                             1.452 ,                                  2.207 ,                                 0.779 ,                                1.136 ,                                      ,                              3.890 ,                                             ,                             ,                           ,                            ,                         ,                         ,                                 ,                   ,                         ,                                 ,                        ,
12742.sql ,                                       ,                                           ,                                       ,                                                ,                                                ,                                                ,                                                         ,                                                 ,                                                 ,                                        ,                                            ,                                        ,                          ,                   43.519 ,                                 ,                                     ,                              ,                31.665 ,                             2.520 ,                                  1.010 ,                                 1.711 ,                                      ,                                      ,                              6.522 ,                                             ,                             ,                           ,                            ,                         ,                         ,                                 ,                   ,                         ,                                 ,                        ,
12870.sql ,                                       ,                                           ,                                       ,                                                ,                                                ,                                                ,                                                         ,                                                 ,                                                 ,                                        ,                                            ,                                        ,                  359.659 ,                 1238.184 ,                                 ,                                     ,                              ,               158.677 ,                                   ,                                        ,                                       ,                               99.697 ,                                      ,                            127.504 ,                                             ,                             ,                           ,                            ,                         ,                         ,                                 ,                   ,                         ,                                 ,                        ,
13004.sql ,                                       ,                                           ,                                       ,                                                ,                                                ,                                                ,                                                         ,                                                 ,                                                 ,                                106.130 ,                                     84.533 ,                                        ,                          ,                          ,                                 ,                                     ,                              ,                       ,                                   ,                                        ,                                       ,                               22.395 ,                                      ,                             44.948 ,                                             ,                             ,                           ,                            ,                         ,                         ,                                 ,                   ,                         ,                                 ,                        ,
13045.sql ,                                       ,                                           ,                                       ,                                                ,                                                ,                                                ,                                                         ,                                                 ,                                                 ,                                 98.501 ,                                            ,                                        ,                          ,                          ,                                 ,                                     ,                              ,                       ,                                   ,                                        ,                                       ,                               61.124 ,                                      ,                            268.566 ,                                             ,                             ,                           ,                            ,                         ,                         ,                                 ,                   ,                         ,                                 ,                        ,
13771.sql ,                               165.682 ,                                           ,                                       ,                                                ,                                                ,                                                ,                                                         ,                                                 ,                                                 ,                                        ,                                            ,                                        ,                   45.724 ,                  323.467 ,                                 ,                                     ,                       40.662 ,                       ,                                   ,                                        ,                                       ,                               85.497 ,                                      ,                             84.359 ,                                             ,                             ,                           ,                            ,                         ,                         ,                                 ,                   ,                         ,                                 ,                        ,
14138.sql ,                                       ,                                           ,                                       ,                                                ,                                                ,                                                ,                                                         ,                                                 ,                                                 ,                                250.655 ,                                    117.956 ,                                        ,                          ,                          ,                                 ,                                     ,                              ,                       ,                                   ,                                        ,                                       ,                                      ,                                      ,                                    ,                                             ,                             ,                           ,                            ,                  80.779 ,                         ,                                 ,           106.705 ,                  54.745 ,                         141.691 ,                150.244 ,
14155.sql ,                                       ,                                           ,                                       ,                                                ,                                                ,                                                ,                                                         ,                                                 ,                                                 ,                                256.951 ,                                    123.820 ,                                        ,                          ,                          ,                                 ,                                     ,                              ,                       ,                                   ,                                        ,                                       ,                                      ,                                      ,                                    ,                                             ,                             ,                           ,                            ,                 125.911 ,                         ,                                 ,           158.046 ,                  64.962 ,                         154.919 ,                169.400 ,
14607.sql ,                                 8.120 ,                                           ,                                 2.301 ,                                                ,                                                ,                                                ,                                                         ,                                                 ,                                                 ,                                        ,                                            ,                                        ,                    8.477 ,                   12.069 ,                                 ,                               2.376 ,                              ,                       ,                                   ,                                        ,                                       ,                                0.982 ,                                      ,                              3.091 ,                                             ,                             ,                           ,                            ,                         ,                         ,                                 ,                   ,                         ,                                 ,                        ,
14703.sql ,                                77.867 ,                                    46.285 ,                                       ,                                                ,                                                ,                                                ,                                                         ,                                                 ,                                                 ,                                        ,                                            ,                                        ,                          ,                          ,                                 ,                                     ,                              ,                       ,                                   ,                                        ,                                       ,                                      ,                                3.804 ,                             16.743 ,                                             ,                             ,                           ,                            ,                         ,                         ,                                 ,                   ,                         ,                                 ,                        ,
14780.sql ,                                       ,                                           ,                                       ,                                                ,                                                ,                                                ,                                                         ,                                                 ,                                                 ,                                 65.174 ,                                            ,                                        ,                          ,                  424.371 ,                                 ,                                     ,                              ,               291.547 ,                                   ,                                        ,                                       ,                              132.379 ,                                      ,                            101.630 ,                                             ,                             ,                           ,                            ,                         ,                         ,                                 ,                   ,                         ,                                 ,                        ,
15049.sql ,                               629.771 ,                                           ,                                       ,                                                ,                                                ,                                                ,                                                         ,                                                 ,                                                 ,                                        ,                                            ,                                        ,                          ,                 1494.000 ,                                 ,                                     ,                      195.015 ,                       ,                                   ,                                        ,                                       ,                              464.360 ,                                      ,                            466.648 ,                                             ,                             ,                           ,                            ,                         ,                         ,                                 ,                   ,                         ,                                 ,                        ,
15139.sql ,                                       ,                                           ,                                       ,                                                ,                                                ,                                                ,                                                         ,                                                 ,                                                 ,                                  2.232 ,                                            ,                                        ,                          ,                          ,                                 ,                                     ,                              ,                       ,                                   ,                                        ,                                       ,                                      ,                                      ,                                    ,                                       0.451 ,                             ,                           ,                            ,                   0.746 ,                         ,                           0.568 ,             1.031 ,                   0.627 ,                                 ,                        ,
1563.sql  ,                                       ,                                           ,                                       ,                                                ,                                                ,                                                ,                                                         ,                                                 ,                                                 ,                               1206.000 ,                                            ,                                        ,                 2402.000 ,                 9663.000 ,                                 ,                                     ,                              ,                       ,                                   ,                                        ,                                       ,                             3336.000 ,                                      ,                           3834.000 ,                                             ,                             ,                           ,                            ,                         ,                         ,                                 ,                   ,                         ,                                 ,                        ,
15722.sql ,                                       ,                                           ,                                       ,                                                ,                                                ,                                                ,                                                         ,                                                 ,                                                 ,                               1670.000 ,                                            ,                                        ,                          ,                 4375.000 ,                                 ,                                     ,                              ,              3973.000 ,                                   ,                                        ,                                       ,                             1218.000 ,                                      ,                            652.204 ,                                             ,                             ,                           ,                            ,                         ,                         ,                                 ,                   ,                         ,                                 ,                        ,
16393.sql ,                                       ,                                           ,                                       ,                                                ,                                                ,                                                ,                                                         ,                                                 ,                                                 ,                                        ,                                            ,                                        ,                          ,                          ,                                 ,                                     ,                              ,                       ,                             1.452 ,                                  2.237 ,                                 1.335 ,                                3.555 ,                                      ,                             23.533 ,                                             ,                             ,                           ,                            ,                         ,                         ,                                 ,                   ,                         ,                                 ,                        ,
16791.sql ,                                       ,                                           ,                                       ,                                                ,                                                ,                                                ,                                                         ,                                                 ,                                                 ,                                        ,                                            ,                                        ,                          ,                          ,                                 ,                                     ,                              ,                       ,                                   ,                                        ,                                       ,                                      ,                                      ,                                    ,                                             ,                             ,                           ,                            ,                         ,                         ,                                 ,                   ,                         ,                                 ,                  6.319 ,
1722.sql  ,                                       ,                                           ,                                       ,                                                ,                                                ,                                                ,                                                         ,                                                 ,                                                 ,                                        ,                                            ,                                        ,                          ,                          ,                                 ,                                     ,                              ,                       ,                                   ,                                        ,                                       ,                                      ,                                      ,                                    ,                                             ,                             ,                           ,                            ,                   7.927 ,                   6.206 ,                                 ,            14.393 ,                  12.055 ,                                 ,                        ,
17679.sql ,                               145.200 ,                                           ,                                       ,                                                ,                                                ,                                                ,                                                         ,                                                 ,                                                 ,                                        ,                                            ,                                        ,                          ,                  241.694 ,                                 ,                              35.328 ,                              ,                54.144 ,                                   ,                                        ,                                       ,                               79.431 ,                                      ,                             84.563 ,                                             ,                             ,                           ,                            ,                         ,                         ,                                 ,                   ,                         ,                                 ,                        ,
18940.sql ,                                       ,                                           ,                                       ,                                                ,                                                ,                                                ,                                                         ,                                                 ,                                                 ,                                        ,                                            ,                                        ,                   21.377 ,                   19.520 ,                                 ,                                     ,                              ,                       ,                                   ,                                        ,                                       ,                               14.118 ,                                      ,                             22.415 ,                                             ,                             ,                           ,                            ,                         ,                         ,                                 ,                   ,                         ,                                 ,                        ,
19266.sql ,                               837.178 ,                                           ,                                       ,                                                ,                                                ,                                                ,                                                         ,                                                 ,                                                 ,                                        ,                                            ,                                        ,                          ,                 1847.000 ,                                 ,                                     ,                              ,              1487.000 ,                                   ,                                        ,                                       ,                              403.035 ,                                      ,                            397.991 ,                                             ,                             ,                           ,                            ,                         ,                         ,                                 ,                   ,                         ,                                 ,                        ,
21930.sql ,                                33.046 ,                                           ,                                       ,                                                ,                                                ,                                                ,                                                         ,                                                 ,                                                 ,                                        ,                                            ,                                        ,                  118.615 ,                  222.861 ,                                 ,                                     ,                              ,               105.393 ,                                   ,                                        ,                                       ,                                      ,                                3.865 ,                             22.834 ,                                             ,                             ,                           ,                            ,                         ,                         ,                                 ,                   ,                         ,                                 ,                        ,
22909.sql ,                               215.483 ,                                           ,                                23.104 ,                                                ,                                        123.975 ,                                         58.170 ,                                                  54.756 ,                                                 ,                                                 ,                                        ,                                            ,                                        ,                          ,                          ,                                 ,                                     ,                              ,                       ,                                   ,                                        ,                                       ,                               25.058 ,                                      ,                             75.456 ,                                             ,                             ,                           ,                            ,                         ,                         ,                                 ,                   ,                         ,                                 ,                        ,
2333.sql  ,                                       ,                                           ,                                       ,                                                ,                                                ,                                                ,                                                         ,                                                 ,                                                 ,                                        ,                                            ,                                        ,                          ,                 1685.000 ,                        1098.000 ,                                     ,                              ,                       ,                                   ,                                        ,                                       ,                                      ,                                      ,                                    ,                                             ,                             ,                           ,                    346.886 ,                         ,                         ,                                 ,                   ,                         ,                                 ,                        ,                    520.083
25109.sql ,                                       ,                                           ,                                       ,                                                ,                                                ,                                                ,                                                         ,                                                 ,                                                 ,                                        ,                                            ,                                        ,                  440.229 ,                  751.273 ,                                 ,                                     ,                              ,                       ,                                   ,                                        ,                                       ,                                      ,                                      ,                                    ,                                             ,                             ,                           ,                            ,                         ,                         ,                                 ,                   ,                         ,                                 ,                        ,
25150.sql ,                                       ,                                           ,                                       ,                                                ,                                                ,                                                ,                                                         ,                                                 ,                                                 ,                                        ,                                            ,                                        ,                          ,                          ,                                 ,                                     ,                              ,                       ,                                   ,                                        ,                                       ,                                      ,                                      ,                                    ,                                             ,                             ,                           ,                            ,                   4.374 ,                   1.559 ,                           0.870 ,             6.637 ,                   3.768 ,                                 ,                        ,
25157.sql ,                                       ,                                           ,                                       ,                                                ,                                                ,                                                ,                                                         ,                                                 ,                                                 ,                                        ,                                            ,                                        ,                          ,                 4411.000 ,                        2023.000 ,                                     ,                              ,                       ,                                   ,                                        ,                                       ,                              521.804 ,                              385.768 ,                                    ,                                             ,                             ,                   364.593 ,                   1589.000 ,                         ,                         ,                                 ,                   ,                         ,                                 ,                        ,
25348.sql ,                                       ,                                           ,                                       ,                                                ,                                                ,                                                ,                                                         ,                                                 ,                                                 ,                                        ,                                            ,                                        ,                 1115.627 ,                 2725.759 ,                                 ,                                     ,                              ,                       ,                                   ,                                        ,                                       ,                                      ,                                      ,                                    ,                                             ,                             ,                           ,                            ,                         ,                         ,                                 ,                   ,                         ,                                 ,                        ,
25448.sql ,                                       ,                                           ,                                       ,                                                ,                                                ,                                                ,                                                         ,                                                 ,                                                 ,                                        ,                                            ,                                        ,                   52.343 ,                   35.055 ,                                 ,                                     ,                              ,                       ,                             2.232 ,                                  6.853 ,                                       ,                                      ,                                      ,                              7.228 ,                                             ,                             ,                           ,                            ,                         ,                         ,                                 ,                   ,                         ,                                 ,                        ,
25916.sql ,                                       ,                                           ,                                       ,                                                ,                                                ,                                                ,                                                         ,                                                 ,                                                 ,                                 63.214 ,                                     23.327 ,                                 20.708 ,                          ,                   42.117 ,                                 ,                              14.113 ,                              ,                29.825 ,                                   ,                                        ,                                       ,                                9.430 ,                                      ,                             27.822 ,                                             ,                             ,                           ,                            ,                         ,                         ,                                 ,                   ,                         ,                                 ,                        ,
25963.sql ,                                       ,                                           ,                                       ,                                                ,                                                ,                                                ,                                                         ,                                                 ,                                                 ,                                        ,                                            ,                                        ,                          ,                10244.000 ,                                 ,                                     ,                              ,                       ,                                   ,                                        ,                                       ,                                      ,                                      ,                                    ,                                             ,                             ,                           ,                            ,                         ,                         ,                                 ,                   ,                         ,                                 ,                        ,
26745.sql ,                                       ,                                           ,                                       ,                                                ,                                                ,                                                ,                                                         ,                                                 ,                                                 ,                                        ,                                            ,                                        ,                          ,                          ,                                 ,                                     ,                              ,                       ,                                   ,                                        ,                                       ,                                      ,                                      ,                                    ,                                             ,                             ,                           ,                            ,                   3.634 ,                   1.000 ,                           1.882 ,             5.306 ,                   3.197 ,                                 ,                        ,
26967.sql ,                                       ,                                           ,                                       ,                                                ,                                                ,                                                ,                                                         ,                                                 ,                                                 ,                                        ,                                            ,                                        ,                  116.031 ,                  286.314 ,                                 ,                                     ,                              ,                       ,                            14.057 ,                                 68.738 ,                                       ,                                      ,                                      ,                                    ,                                             ,                             ,                           ,                            ,                         ,                         ,                                 ,                   ,                         ,                                 ,                        ,
27259.sql ,                              1617.000 ,                                   673.902 ,                                       ,                                                ,                                                ,                                                ,                                                         ,                                                 ,                                                 ,                                        ,                                            ,                                        ,                          ,                 2180.000 ,                                 ,                             409.846 ,                      318.293 ,                       ,                                   ,                                        ,                                       ,                              677.266 ,                                      ,                                    ,                                             ,                             ,                           ,                            ,                         ,                         ,                                 ,                   ,                         ,                                 ,                        ,
27481.sql ,                                       ,                                           ,                                       ,                                                ,                                                ,                                                ,                                                         ,                                                 ,                                                 ,                                        ,                                            ,                                        ,                          ,                          ,                                 ,                                     ,                              ,                       ,                                   ,                                        ,                                       ,                                      ,                                      ,                                    ,                                             ,                             ,                           ,                            ,                   2.402 ,                   0.549 ,                           0.863 ,             3.599 ,                   2.164 ,                                 ,                        ,
27656.sql ,                                       ,                                           ,                                       ,                                                ,                                                ,                                                ,                                                         ,                                                 ,                                                 ,                                        ,                                            ,                                        ,                 4871.000 ,                27835.000 ,                                 ,                                     ,                              ,                       ,                                   ,                                        ,                                       ,                                      ,                                      ,                                    ,                                             ,                             ,                           ,                            ,                         ,                         ,                                 ,                   ,                         ,                                 ,                        ,
28069.sql ,                               151.300 ,                                    31.634 ,                                       ,                                                ,                                                ,                                                ,                                                         ,                                                 ,                                                 ,                                        ,                                            ,                                        ,                          ,                  500.398 ,                                 ,                                     ,                              ,                       ,                                   ,                                        ,                                       ,                               93.464 ,                                      ,                            116.048 ,                                             ,                             ,                           ,                            ,                         ,                         ,                                 ,                   ,                         ,                                 ,                        ,
28070.sql ,                               550.071 ,                                   423.252 ,                                       ,                                                ,                                                ,                                                ,                                                         ,                                                 ,                                                 ,                                        ,                                            ,                                        ,                          ,                  801.515 ,                                 ,                                     ,                              ,               679.546 ,                                   ,                                        ,                                       ,                               68.677 ,                                      ,                             90.811 ,                                             ,                             ,                           ,                            ,                         ,                         ,                                 ,                   ,                         ,                                 ,                        ,
28161.sql ,                                       ,                                           ,                                       ,                                                ,                                                ,                                                ,                                                         ,                                                 ,                                                 ,                                        ,                                            ,                                        ,                   48.170 ,                   81.385 ,                                 ,                                     ,                              ,                40.057 ,                             1.524 ,                                  4.980 ,                                 1.046 ,                                      ,                                      ,                                    ,                                             ,                             ,                           ,                            ,                         ,                         ,                                 ,                   ,                         ,                                 ,                        ,
28279.sql ,                                       ,                                           ,                                       ,                                                ,                                                ,                                                ,                                                         ,                                                 ,                                                 ,                                        ,                                            ,                                        ,                          ,                          ,                                 ,                                     ,                              ,                       ,                                   ,                                        ,                                       ,                                      ,                                      ,                                    ,                                             ,                             ,                           ,                            ,                         ,                         ,                                 ,                   ,                         ,                                 ,                        ,
2855.sql  ,                               147.491 ,                                    33.926 ,                                       ,                                                ,                                                ,                                                ,                                                         ,                                                 ,                                                 ,                                        ,                                            ,                                        ,                          ,                  380.057 ,                                 ,                                     ,                              ,               288.495 ,                                   ,                                        ,                                       ,                               57.344 ,                                      ,                             66.166 ,                                             ,                             ,                           ,                            ,                         ,                         ,                                 ,                   ,                         ,                                 ,                        ,
28925.sql ,                                       ,                                           ,                                       ,                                                ,                                                ,                                                ,                                                         ,                                                 ,                                                 ,                                        ,                                            ,                                        ,                          ,                          ,                                 ,                                     ,                              ,                       ,                             0.464 ,                                  1.581 ,                                       ,                                      ,                                      ,                                    ,                                             ,                             ,                           ,                            ,                   1.594 ,                         ,                           1.604 ,             2.346 ,                   1.754 ,                                 ,                        ,
28957.sql ,                                       ,                                           ,                                       ,                                                ,                                                ,                                                ,                                                         ,                                                 ,                                                 ,                                        ,                                            ,                                        ,                          ,                15974.000 ,                                 ,                                     ,                              ,              1108.000 ,                                   ,                                        ,                                       ,                                      ,                                      ,                                    ,                                             ,                             ,                           ,                            ,                         ,                         ,                                 ,                   ,                         ,                                 ,                        ,
28982.sql ,                                       ,                                           ,                                       ,                                                ,                                                ,                                                ,                                                         ,                                                 ,                                                 ,                                        ,                                            ,                                        ,                   12.040 ,                    4.631 ,                                 ,                                     ,                              ,                       ,                             1.210 ,                                  3.019 ,                                 0.574 ,                                      ,                                      ,                                    ,                                             ,                             ,                           ,                            ,                         ,                         ,                                 ,                   ,                         ,                                 ,                        ,
29404.sql ,                                       ,                                           ,                                       ,                                                ,                                                ,                                                ,                                                         ,                                                 ,                                                 ,                                        ,                                            ,                                        ,                   11.425 ,                   10.511 ,                                 ,                                     ,                        4.591 ,                       ,                             5.296 ,                                  2.115 ,                                 2.335 ,                                      ,                                      ,                                    ,                                             ,                             ,                           ,                            ,                         ,                         ,                                 ,                   ,                         ,                                 ,                        ,
29462.sql ,                              8559.000 ,                                           ,                                       ,                                                ,                                                ,                                                ,                                                         ,                                                 ,                                                 ,                                        ,                                            ,                                        ,                          ,                 9109.000 ,                                 ,                                     ,                              ,              4496.000 ,                                   ,                                        ,                                       ,                             1515.000 ,                                      ,                            392.728 ,                                             ,                             ,                           ,                            ,                         ,                         ,                                 ,                   ,                         ,                                 ,                        ,
32637.sql ,                               104.482 ,                                           ,                                       ,                                                ,                                                ,                                                ,                                                         ,                                                 ,                                                 ,                                        ,                                            ,                                        ,                          ,                          ,                                 ,                                     ,                              ,                       ,                            41.051 ,                                        ,                                27.984 ,                               45.537 ,                                      ,                             59.466 ,                                             ,                             ,                           ,                            ,                         ,                         ,                                 ,                   ,                         ,                                 ,                        ,
3811.sql  ,                                       ,                                           ,                                       ,                                                ,                                                ,                                                ,                                                         ,                                                 ,                                                 ,                                        ,                                            ,                                        ,                   41.351 ,                   71.569 ,                                 ,                                     ,                              ,                       ,                                   ,                                        ,                                       ,                                      ,                                      ,                                    ,                                             ,                             ,                           ,                            ,                         ,                         ,                                 ,                   ,                         ,                                 ,                 25.287 ,
452.sql   ,                               187.870 ,                                   174.378 ,                                       ,                                                ,                                                ,                                                ,                                                         ,                                                 ,                                                 ,                                453.631 ,                                    289.964 ,                                        ,                          ,                          ,                                 ,                                     ,                              ,                       ,                                   ,                                        ,                                       ,                               64.115 ,                                      ,                            104.906 ,                                             ,                             ,                           ,                            ,                         ,                         ,                                 ,                   ,                         ,                                 ,                        ,
5412.sql  ,                               184.013 ,                                    18.193 ,                                       ,                                                ,                                                ,                                                ,                                                         ,                                                 ,                                                 ,                                        ,                                            ,                                        ,                          ,                          ,                                 ,                                     ,                              ,                       ,                                   ,                                 65.235 ,                                       ,                               62.872 ,                                      ,                             47.323 ,                                             ,                             ,                           ,                            ,                         ,                         ,                                 ,                   ,                         ,                                 ,                        ,
5567.sql  ,                               152.288 ,                                           ,                                       ,                                                ,                                                ,                                                ,                                                         ,                                                 ,                                                 ,                                        ,                                            ,                                        ,                          ,                  370.685 ,                                 ,                                     ,                              ,               313.107 ,                                   ,                                        ,                                       ,                               69.010 ,                                      ,                             79.522 ,                                             ,                             ,                           ,                            ,                         ,                         ,                                 ,                   ,                         ,                                 ,                        ,
563.sql   ,                                       ,                                           ,                                       ,                                                ,                                                ,                                                ,                                                         ,                                                 ,                                                 ,                                        ,                                            ,                                        ,                          ,                 2522.000 ,                         749.188 ,                                     ,                              ,                       ,                                   ,                                        ,                                       ,                                      ,                                      ,                                    ,                                             ,                             ,                           ,                    981.007 ,                         ,                         ,                                 ,                   ,                         ,                                 ,                        ,                    831.487
5773.sql  ,                                55.887 ,                                           ,                                 8.035 ,                                                ,                                                ,                                                ,                                                         ,                                                 ,                                                 ,                                108.469 ,                                     96.632 ,                                        ,                          ,                          ,                                 ,                                     ,                              ,                       ,                                   ,                                        ,                                       ,                                      ,                                      ,                                    ,                                             ,                             ,                           ,                            ,                         ,                         ,                                 ,                   ,                         ,                                 ,                        ,
5904.sql  ,                                       ,                                           ,                                       ,                                                ,                                                ,                                                ,                                                         ,                                                 ,                                                 ,                                531.571 ,                                    218.597 ,                                        ,                  527.892 ,                 2412.000 ,                                 ,                                     ,                              ,                       ,                                   ,                                        ,                                       ,                              221.591 ,                                      ,                            783.552 ,                                             ,                             ,                           ,                            ,                         ,                         ,                                 ,                   ,                         ,                                 ,                        ,
6021.sql  ,                               198.890 ,                                           ,                                       ,                                                ,                                                ,                                                ,                                                         ,                                                 ,                                                 ,                                        ,                                            ,                                        ,                          ,                  227.797 ,                                 ,                              24.369 ,                              ,                       ,                                   ,                                        ,                                       ,                               98.295 ,                                      ,                            108.887 ,                                             ,                             ,                           ,                            ,                         ,                         ,                                 ,                   ,                         ,                                 ,                        ,
6725.sql  ,                                74.520 ,                                           ,                                 8.685 ,                                                ,                                                ,                                                ,                                                         ,                                                 ,                                                 ,                                        ,                                            ,                                        ,                          ,                          ,                                 ,                                     ,                              ,                       ,                                   ,                                        ,                                       ,                                4.657 ,                                      ,                             23.874 ,                                             ,                             ,                           ,                            ,                         ,                         ,                                 ,                   ,                         ,                                 ,                        ,
6793.sql  ,                               158.433 ,                                    27.304 ,                                       ,                                                ,                                                ,                                                ,                                                         ,                                                 ,                                                 ,                                        ,                                            ,                                        ,                          ,                  178.897 ,                                 ,                              19.810 ,                              ,                       ,                                   ,                                        ,                                       ,                               76.322 ,                                      ,                             87.021 ,                                             ,                             ,                           ,                            ,                         ,                         ,                                 ,                   ,                         ,                                 ,                        ,
6876.sql  ,                                75.427 ,                                           ,                                16.447 ,                                                ,                                                ,                                                ,                                                         ,                                                 ,                                                 ,                                        ,                                            ,                                        ,                   25.541 ,                  132.709 ,                                 ,                              20.303 ,                              ,                       ,                                   ,                                        ,                                       ,                                6.779 ,                                      ,                             36.275 ,                                             ,                             ,                           ,                            ,                         ,                         ,                                 ,                   ,                         ,                                 ,                        ,
7248.sql  ,                                       ,                                           ,                                       ,                                                ,                                                ,                                                ,                                                         ,                                                 ,                                                 ,                                        ,                                            ,                                        ,                          ,                  304.029 ,                                 ,                                     ,                              ,               232.384 ,                                   ,                                        ,                                       ,                               73.044 ,                                      ,                             76.586 ,                                             ,                             ,                           ,                            ,                         ,                         ,                                 ,                   ,                         ,                                 ,                        ,
7266.sql  ,                                       ,                                           ,                                       ,                                                ,                                                ,                                                ,                                                         ,                                                 ,                                                 ,                                 56.549 ,                                            ,                                        ,                          ,                  397.194 ,                                 ,                                     ,                              ,               266.313 ,                                   ,                                        ,                                       ,                              119.104 ,                                      ,                             93.644 ,                                             ,                             ,                           ,                            ,                         ,                         ,                                 ,                   ,                         ,                                 ,                        ,
7321.sql  ,                                77.043 ,                                     3.621 ,                                11.792 ,                                                ,                                                ,                                                ,                                                         ,                                                 ,                                                 ,                                        ,                                            ,                                        ,                          ,                          ,                                 ,                                     ,                              ,                       ,                                   ,                                        ,                                       ,                                      ,                                      ,                             25.895 ,                                             ,                             ,                           ,                            ,                         ,                         ,                                 ,                   ,                         ,                                 ,                        ,
7624.sql  ,                                       ,                                           ,                                       ,                                                ,                                                ,                                                ,                                                         ,                                                 ,                                                 ,                                        ,                                            ,                                        ,                  141.349 ,                  586.992 ,                                 ,                              75.612 ,                              ,                       ,                            12.970 ,                                 78.648 ,                                       ,                                      ,                                      ,                                    ,                                             ,                             ,                           ,                            ,                         ,                         ,                                 ,                   ,                         ,                                 ,                        ,
8336.sql  ,                                       ,                                           ,                                       ,                                                ,                                                ,                                                ,                                                         ,                                          49.833 ,                                          11.246 ,                                        ,                                            ,                                        ,                          ,                          ,                                 ,                                     ,                              ,                       ,                            15.100 ,                                        ,                                18.689 ,                                      ,                                      ,                                    ,                                             ,                             ,                           ,                            ,                         ,                         ,                                 ,                   ,                         ,                                 ,                        ,
8503.sql  ,                                       ,                                           ,                                       ,                                                ,                                                ,                                                ,                                                         ,                                                 ,                                                 ,                                421.724 ,                                            ,                                        ,                          ,                          ,                                 ,                                     ,                              ,                       ,                                   ,                                        ,                                       ,                              841.114 ,                                      ,                            829.988 ,                                             ,                             ,                           ,                            ,                         ,                         ,                                 ,                   ,                         ,                                 ,                        ,
8729.sql  ,                                42.514 ,                                     9.584 ,                                       ,                                                ,                                                ,                                                ,                                                         ,                                                 ,                                                 ,                                        ,                                            ,                                        ,                   25.287 ,                  104.991 ,                                 ,                              19.322 ,                              ,                       ,                             4.219 ,                                 10.639 ,                                       ,                                      ,                                      ,                                    ,                                             ,                             ,                           ,                            ,                         ,                         ,                                 ,                   ,                         ,                                 ,                        ,
9422.sql  ,                                       ,                                           ,                                       ,                                                ,                                                ,                                                ,                                                         ,                                                 ,                                                 ,                                        ,                                            ,                                        ,                          ,                          ,                                 ,                                     ,                              ,                       ,                                   ,                                        ,                                       ,                             1233.000 ,                             2953.000 ,                                    ,                                             ,                    3083.000 ,                           ,                            ,                         ,                         ,                                 ,                   ,                         ,                                 ,                        ,
9453.sql  ,                                       ,                                           ,                                       ,                                                ,                                                ,                                                ,                                                         ,                                                 ,                                                 ,                                  4.380 ,                                      1.760 ,                                        ,                          ,                          ,                                 ,                                     ,                              ,                       ,                             2.148 ,                                        ,                                 1.528 ,                                      ,                                      ,                                    ,                                             ,                             ,                           ,                            ,                   4.259 ,                   2.046 ,                                 ,             6.306 ,                   2.194 ,                                 ,                        ,
9946.sql  ,                                94.491 ,                                           ,                                14.352 ,                                                ,                                                ,                                                ,                                                         ,                                                 ,                                                 ,                                        ,                                            ,                                        ,                          ,                          ,                                 ,                                     ,                              ,                       ,                                   ,                                        ,                                       ,                               34.270 ,                                      ,                             58.057 ,                                             ,                             ,                           ,                            ,                         ,                         ,                                 ,                   ,                         ,                                 ,                        ,
count     ,                                30     ,                                    12     ,                                 9     ,                                          2     ,                                          1     ,                                          1     ,                                                   1     ,                                           1     ,                                           1     ,                                 21     ,                                     11     ,                                  1     ,                   22     ,                   51     ,                           3     ,                              11     ,                        4     ,                23     ,                            18     ,                                 16     ,                                13     ,                               47     ,                                6     ,                             52     ,                                       1     ,                       1     ,                     1     ,                      3     ,                  11     ,                   6     ,                           5     ,            11     ,                  10     ,                           3     ,                  7     ,                      2
sum       ,                             24289.265 ,                                  1901.683 ,                               206.618 ,                                         58.458 ,                                        123.975 ,                                         58.170 ,                                                  54.756 ,                                          49.833 ,                                          11.246 ,                              11079.575 ,                                   3507.672 ,                                 20.708 ,                10568.666 ,               118688.668 ,                        3870.188 ,                             633.713 ,                      558.561 ,             22868.674 ,                           169.710 ,                                309.072 ,                               112.106 ,                            16809.612 ,                             3404.114 ,                          18702.566 ,                                       0.451 ,                    3083.000 ,                   364.593 ,                   2916.893 ,                 323.326 ,                  28.672 ,                           5.787 ,           442.600 ,                 216.376 ,                         438.043 ,                746.991 ,                   1351.570
geomean   ,                               187.840 ,                                    59.234 ,                                12.936 ,                                         17.486 ,                                        123.975 ,                                         58.170 ,                                                  54.756 ,                                          49.833 ,                                          11.246 ,                                162.727 ,                                     74.715 ,                                 20.708 ,                   83.489 ,                  420.501 ,                        1185.031 ,                              20.337 ,                       58.344 ,               304.508 ,                             4.466 ,                                  7.605 ,                                 3.348 ,                               87.507 ,                               38.412 ,                             89.317 ,                                       0.451 ,                    3083.000 ,                   364.593 ,                    814.694 ,                   8.751 ,                   2.394 ,                           1.052 ,            13.000 ,                   6.732 ,                         145.881 ,                 51.540 ,                    657.603
mean      ,                               809.642 ,                                   158.474 ,                                22.958 ,                                         29.229 ,                                        123.975 ,                                         58.170 ,                                                  54.756 ,                                          49.833 ,                                          11.246 ,                                527.599 ,                                    318.879 ,                                 20.708 ,                  480.394 ,                 2327.229 ,                        1290.063 ,                              57.610 ,                      139.640 ,               994.290 ,                             9.428 ,                                 19.317 ,                                 8.624 ,                              357.651 ,                              567.352 ,                            359.665 ,                                       0.451 ,                    3083.000 ,                   364.593 ,                    972.298 ,                  29.393 ,                   4.779 ,                           1.157 ,            40.236 ,                  21.638 ,                         146.014 ,                106.713 ,                    675.785
